gap,L,X11,X12,boundary_residual,condition
2.0,4.0,1.1696209554279535,-0.4273780852472394,0.0016812161437404494,10.00609171519568
2.0,8.0,1.1694703174499559,-0.4272120416370718,6.984369959051051e-6,29.583683827211374
2.0,16.0,1.169470142283535,-0.4272118572143652,1.7287682396727178e-10,90.0011759224539
2.0,24.0,1.1694701422825209,-0.427211857213435,5.551115123125783e-15,170.7815589295812
2.0,32.0,1.1694701422825207,-0.42721185721343446,1.4432899320127035e-15,267.73087723153316
1.0,4.0,1.3700808079288418,-0.6717844957945055,0.010811975948810115,10.799177526557719
1.0,8.0,1.3684904617403504,-0.670185839301841,0.00020674454947999799,30.363324630988878
1.0,16.0,1.3684796030680138,-0.6701750427981666,8.987016553163585e-8,90.71039485584883
1.0,24.0,1.36847960208666,-0.6701750418366217,3.7057024115938475e-11,171.37793814112402
1.0,32.0,1.3684796020864698,-0.6701750418364327,1.84297022087776e-14,268.2468269440119
0.2,4.0,2.3765598860248263,-1.7201427408185417,0.2954301625331257,29.206701476236407
0.2,8.0,2.6484643070611007,-1.9919084982087338,0.07390970165145827,48.5945355024997
0.2,16.0,2.6413749327927323,-1.984820542598511,0.002143151121741127,102.0488704941108
0.2,24.0,2.6410523736840954,-1.9844979784066732,5.9692089468654785e-5,184.7965911795191
0.2,32.0,2.6410488208446687,-1.9844944256707604,1.676507194403598e-6,282.34006620310197
