i,j,empirical,theory
1.0,1.0,0.0010626915515212568,0.001061032953945969
1.0,2.0,-3.8294331889627757e-7,0.0
1.0,3.0,-3.380236755805993e-6,0.0
1.0,4.0,0.000382151857653154,0.0003813087178243326
1.0,5.0,5.622460590360539e-6,0.0
1.0,6.0,-5.656474359558655e-6,0.0
2.0,1.0,-3.8294331889627757e-7,0.0
2.0,2.0,0.001066195333821482,0.001061032953945969
2.0,3.0,3.1273685171357183e-6,0.0
2.0,4.0,-3.145890234167518e-6,0.0
2.0,5.0,0.0002124745569502085,0.00020723299881757206
2.0,6.0,-2.6370904417204105e-6,0.0
3.0,1.0,-3.380236755805993e-6,0.0
3.0,2.0,3.1273685171357183e-6,0.0
3.0,3.0,0.001060217697132221,0.001061032953945969
3.0,4.0,-2.354051374882948e-6,0.0
3.0,5.0,-2.811610495736008e-6,0.0
3.0,6.0,0.0002066621165582512,0.00020723299881757206
4.0,1.0,0.000382151857653154,0.0003813087178243326
4.0,2.0,-3.145890234167518e-6,0.0
4.0,3.0,-2.354051374882948e-6,0.0
4.0,4.0,0.0010624000490593963,0.001061032953945969
4.0,5.0,-3.7664013057115234e-6,0.0
4.0,6.0,-4.320784115184905e-6,0.0
5.0,1.0,5.622460590360539e-6,0.0
5.0,2.0,0.0002124745569502085,0.00020723299881757206
5.0,3.0,-2.811610495736008e-6,0.0
5.0,4.0,-3.7664013057115234e-6,0.0
5.0,5.0,0.0010508151751934057,0.001061032953945969
5.0,6.0,-4.012347536721641e-6,0.0
6.0,1.0,-5.656474359558655e-6,0.0
6.0,2.0,-2.6370904417204105e-6,0.0
6.0,3.0,0.0002066621165582512,0.00020723299881757206
6.0,4.0,-4.320784115184905e-6,0.0
6.0,5.0,-4.012347536721641e-6,0.0
6.0,6.0,0.0010600128786220498,0.001061032953945969
