time,z1,z2,U1,U2,gap
0.0,0.0,4.0,0.0332261826174817,-0.03322618261748169,2.0
0.1,0.003320916652616815,3.996679083347383,0.03319213647680881,-0.03319213647680881,1.9933581666947662
0.2,0.006638424149417498,3.9933615758505825,0.03315799948510745,-0.033157999485107455,1.986723151701165
0.30000000000000004,0.00995251339093475,3.990047486609065,0.0331237713552798,-0.0331237713552798,1.9800949732181303
0.4,0.013263175248947255,3.986736824751053,0.033089451799346546,-0.03308945179934654,1.9734736495021057
0.5,0.01657040056639148,3.9834295994336086,0.03305504052844578,-0.03305504052844578,1.9668591988672173
0.6000000000000001,0.019874180157273345,3.9801258198427267,0.03302053725283173,-0.03302053725283174,1.9602516396854535
0.7000000000000001,0.023174504806579784,3.9768254951934203,0.03298594168187381,-0.03298594168187381,1.9536509903868406
0.8,0.026471365270190204,3.97352863472981,0.03295125352405527,-0.03295125352405527,1.94705726945962
0.9,0.029764752274787816,3.9702352477252125,0.032916472486972354,-0.03291647248697236,1.9404704954504246
1.0,0.03305465651777088,3.9669453434822293,0.03288159827733315,-0.032881598277333154,1.9338906869644585
1.1,0.03634106866716383,3.9636589313328363,0.03284663060095654,-0.03284663060095654,1.9273178626656726
1.2000000000000002,0.039623979361528304,3.960376020638472,0.03281156916277132,-0.03281156916277132,1.9207520412769434
1.3,0.042903379209874096,3.9570966207901264,0.03277641366681521,-0.032776413666815205,1.9141932415802523
1.4000000000000001,0.04617925879156999,3.9538207412084305,0.032741163816233834,-0.032741163816233834,1.9076414824168606
1.5,0.04945160865625451,3.950548391343746,0.03270581931328004,-0.03270581931328004,1.9010967826874912
1.6,0.05272041932374659,3.9472795806762537,0.032670379859312926,-0.032670379859312926,1.894559161352507
1.7000000000000002,0.05598568128395617,3.9440143187160444,0.03263484515479702,-0.03263484515479702,1.8880286374320883
1.8,0.059247384996794675,3.940752615003206,0.032599214899301544,-0.032599214899301544,1.8815052300064115
1.9000000000000001,0.06250552089208547,3.937494479107915,0.03256348879149972,-0.032563488791499715,1.87498895821583
2.0,0.06576007936947421,3.9342399206305263,0.032527666529167956,-0.03252766652916796,1.8684798412610522
2.1,0.06901105079833914,3.9309889492016614,0.03249174780918529,-0.03249174780918529,1.8619778984033224
2.2,0.07225842551770127,3.927741574482299,0.032455732327532745,-0.032455732327532745,1.855483148964598
2.3000000000000003,0.07550219383613463,3.924497806163866,0.032419619779292676,-0.03241961977929267,1.8489956123277316
2.4000000000000004,0.07874234603167629,3.921257653968324,0.03238340985864837,-0.03238340985864837,1.8425153079366479
2.5,0.08197887235173648,3.918021127648264,0.032347102258883445,-0.03234710225888345,1.8360422552965274
2.6,0.08521176301300858,3.914788236986992,0.03231069667238143,-0.032310696672381435,1.8295764739739835
2.7,0.08844100820137907,3.9115589917986213,0.032274192790625336,-0.03227419279062533,1.8231179835972422
2.8000000000000003,0.0916665980718375,3.908333401928163,0.03223759030419736,-0.032237590304197365,1.8166668038563256
2.9000000000000004,0.09488852274838633,3.905111477251614,0.032200888902778495,-0.032200888902778495,1.8102229545032276
3.0,0.09810677232395087,3.9018932276760494,0.032164088275148335,-0.032164088275148335,1.8037864553520984
3.1,0.10132133686028907,3.898678663139711,0.032127188109184766,-0.032127188109184766,1.797357326279422
3.2,0.10453220638790134,3.8954677936120987,0.03209018809186392,-0.03209018809186391,1.7909355872241974
3.3000000000000003,0.1077393709059404,3.89226062909406,0.03205308790925994,-0.03205308790925994,1.7845212581881196
3.4000000000000004,0.11094282038212103,3.889057179617879,0.032015887246545,-0.03201588724654499,1.778114359235758
3.5,0.11414254475262992,3.88585745524737,0.031978585787989226,-0.03197858578798923,1.7717149104947403
3.6,0.11733853392203542,3.882661466077965,0.031941183216960885,-0.03194118321696088,1.7653229321559296
3.7,0.12053077776319739,3.879469222236803,0.031903679215926226,-0.031903679215926226,1.7589384444736056
3.8000000000000003,0.12371926611717698,3.8762807338828233,0.0318660734664499,-0.03186607346644991,1.7525614677656463
3.9000000000000004,0.1269039887931465,3.873096011206854,0.03182836564919506,-0.03182836564919506,1.7461920224137075
4.0,0.13008493556829923,3.869915064431701,0.031790555443923604,-0.0317905554439236,1.7398301288634017
4.1000000000000005,0.13326209618775936,3.866737903812241,0.0317526425294966,-0.03175264252949659,1.7334758076244818
4.2,0.13643546036449195,3.8635645396355085,0.031714626583874556,-0.03171462658387455,1.7271290792710166
4.3,0.1396050177792128,3.8603949822207877,0.03167650728411808,-0.031676507284118076,1.720789964441575
4.4,0.14277075808029857,3.857229241919702,0.03163828430638819,-0.03163828430638819,1.7144584838394032
4.5,0.14593267088369677,3.8540673291163037,0.0315999573259471,-0.0315999573259471,1.708134658232607
4.6000000000000005,0.14909074577283601,3.8509092542271643,0.03156152601715874,-0.03156152601715873,1.7018185084543282
4.7,0.1522449722985361,3.847755027701464,0.03152299005348955,-0.031522990053489554,1.695510055402928
4.800000000000001,0.1553953399789184,3.8446046600210817,0.031484349107509337,-0.031484349107509337,1.6892093200421634
4.9,0.1585418382993162,3.8414581617006838,0.031445602850891964,-0.031445602850891964,1.6829163234013675
5.0,0.16168445671218512,3.838315543287815,0.03140675095441665,-0.03140675095441663,1.6766310865756298
5.1000000000000005,0.16482318463701376,3.835176815362986,0.0313677930879685,-0.03136779308796849,1.6703536307259723
5.2,0.16795801146023429,3.832041988539766,0.031328728920540165,-0.031328728920540165,1.6640839770795317
5.300000000000001,0.17108892653513325,3.828911073464867,0.03128955812023256,-0.03128955812023256,1.6578221469297336
5.4,0.1742159191817625,3.8257840808182375,0.031250280354256414,-0.03125028035425641,1.651568161636475
5.5,0.1773389786868502,3.82266102131315,0.03121089528893352,-0.031210895288933522,1.6453220426263
5.6000000000000005,0.180458094303712,3.8195419056962883,0.031171402589698142,-0.031171402589698145,1.639083811392576
5.7,0.18357325525216245,3.816426744747838,0.031131801921098583,-0.031131801921098583,1.6328534894956754
5.800000000000001,0.1866844507184263,3.8133155492815742,0.031092092946798794,-0.031092092946798794,1.626631098563148
5.9,0.18979166985505028,3.8102083301449503,0.031052275329580048,-0.031052275329580045,1.6204166602899002
6.0,0.1928949017808149,3.8071050982191856,0.03101234873134272,-0.03101234873134272,1.6142101964383708
6.1000000000000005,0.1959941355806464,3.804005864419354,0.03097231281310825,-0.030972312813108253,1.6080117288387075
6.2,0.19908936030552904,3.800910639694471,0.030932167235021003,-0.030932167235020996,1.6018212793889424
6.300000000000001,0.2021805649724174,3.797819435027583,0.030891911656350496,-0.030891911656350492,1.5956388700551654
6.4,0.20526773856414904,3.7947322614358514,0.030851545735493424,-0.03085154573549343,1.5894645228717024
6.5,0.20835087002935732,3.791649129970643,0.030811069129976068,-0.030811069129976058,1.583298259941286
6.6000000000000005,0.21142994828238448,3.788570051717616,0.03077048149645661,-0.03077048149645661,1.5771401034352315
6.7,0.21450496220319495,3.7854950377968053,0.03072978249072769,-0.030729782490727695,1.5709900755936101
6.800000000000001,0.21757590063728896,3.782424099362711,0.030688971767718974,-0.03068897176771898,1.5648481987254224
6.9,0.22064275239561626,3.7793572476043837,0.030648048981499837,-0.030648048981499833,1.5587144952087675
7.0,0.22370550625449034,3.77629449374551,0.030607013785282307,-0.030607013785282307,1.5525889874910197
7.1000000000000005,0.22676415095550284,3.7732358490444975,0.030565865831423896,-0.0305658658314239,1.5464716980889945
7.2,0.22981867520543814,3.7701813247945624,0.030524604771430736,-0.030524604771430732,1.5403626495891243
7.300000000000001,0.23286906767618848,3.7671309323238122,0.03048323025596079,-0.030483230255960784,1.5342618646476236
7.4,0.23591531700466925,3.7640846829953314,0.030441741934827085,-0.03044174193482708,1.5281693659906623
7.5,0.23895741179273472,3.761042588207266,0.030400139457001246,-0.03040013945700124,1.5220851764145311
7.6000000000000005,0.24199534060709396,3.7580046593929066,0.030358422470617,-0.030358422470616993,1.5160093187858128
7.7,0.2450290919792274,3.7549709080207734,0.03031659062297392,-0.03031659062297392,1.5099418160415459
7.800000000000001,0.24805865440530342,3.7519413455946973,0.03027464356054129,-0.030274643560541298,1.5038826911893937
7.9,0.2510840163460957,3.748915983653905,0.030232580928962093,-0.030232580928962097,1.4978319673078095
8.0,0.25410516622690055,3.7458948337731,0.030190402373056972,-0.030190402373056972,1.4917896675461995
8.1,0.25712209243745515,3.7428779075625456,0.03014810753682876,-0.030148107536828762,1.4857558151250903
8.200000000000001,0.2601347833318558,3.7398652166681448,0.030105696063466705,-0.030105696063466705,1.479730433336289
8.3,0.2631432272284769,3.7368567727715236,0.030063167595351104,-0.0300631675953511,1.4737135455430468
8.4,0.26614741240989015,3.7338525875901105,0.030020521774058024,-0.030020521774058034,1.4677051751802201
8.5,0.2691473271227845,3.7308526728772162,0.029977758240364156,-0.029977758240364163,1.4617053457544316
8.6,0.2721429595778864,3.7278570404221143,0.02993487663425192,-0.029934876634251924,1.4557140808442277
8.700000000000001,0.27513429794988065,3.72486570205012,0.029891876594914563,-0.029891876594914567,1.4497314041002394
8.8,0.27812133037733167,3.721878669622669,0.029848757760761645,-0.029848757760761645,1.4437573392453373
8.9,0.28110404496260544,3.7188959550373952,0.029805519769424495,-0.029805519769424492,1.4377919100747896
9.0,0.28408242977179204,3.715917570228209,0.02976216225776197,-0.029762162257761966,1.4318351404564167
9.1,0.28705647283462865,3.7129435271653723,0.029718684861866348,-0.029718684861866337,1.4258870543307438
9.200000000000001,0.29002616214442306,3.709973837855578,0.02967508721706942,-0.029675087217069414,1.419947675711155
9.3,0.2929914856579781,3.707008514342023,0.029631368957948698,-0.029631368957948698,1.4140170286840448
9.4,0.2959524312955165,3.7040475687044845,0.029587529718334,-0.029587529718334,1.408095137408968
9.5,0.29890898694060636,3.701091013059395,0.029543569131313962,-0.029543569131313955,1.4021820261187883
9.600000000000001,0.3018611404400873,3.6981388595599136,0.029499486829242957,-0.029499486829242957,1.3962777191198263
9.700000000000001,0.3048088796039978,3.6951911203960033,0.02945528244374815,-0.02945528244374815,1.3903822407920057
9.8,0.30775219220550215,3.692247807794499,0.029410955605736703,-0.029410955605736706,1.384495615588997
9.9,0.3106910659808195,3.6893089340191816,0.02936650594540339,-0.029366505945403392,1.3786178680383623
10.0,0.31362548862915257,3.6863745113708486,0.029321933092238066,-0.029321933092238066,1.3727490227416959
