gap,speed_rpy,speed_normal_model,asymptotic
1.0e-5,0.039788934716652694,2.12205883494227e-6,2.122065907891938e-6
1.1919860873910919e-5,0.03978897291107121,2.5294629894076935e-6,2.529473038734136e-6
1.4208308325339208e-5,0.039789018438286694,3.015082392505584e-6,3.0150966706019526e-6
1.693610584916736e-5,0.039789072706094136,3.593932997196549e-6,3.5939532834967296e-6
2.0187602546790388e-5,0.03978913739256559,4.2839134900392636e-6,4.283942312661634e-6
2.406334137355512e-5,0.03978921449793962,5.106358685115536e-6,5.106399635878688e-6
2.868316813342009e-5,0.03978930640647267,6.0866991407330074e-6,6.086757322626321e-6
3.418993735733626e-5,0.03978941596016537,7.255247383012532e-6,7.255330045896426e-6
4.075392965871778e-5,0.03978954654664284,8.648135030570505e-6,8.648252474139112e-6
4.857811715970678e-5,0.03978970220390708,1.0308429772879458e-5,1.030859662941941e-5
5.790443980602483e-5,0.039789887745200314,1.2287466706386246e-5,1.2287703762794615e-5
6.902128664695654e-5,0.03979010890784021,1.4646435145367308e-5,1.4646771931234352e-5
8.227241341700473e-5,0.03979037253062957,1.7458269904345226e-5,1.74587483672217e-5
9.806757216915766e-5,0.03979068676532606,2.0809905431680224e-5,2.081058515699017e-5
0.00011689518164985776,0.039791061328711144,2.4804962354559447e-5,2.480592797759984e-5
0.00013933743020968492,0.03979150780305285,2.956694930392169e-5,2.9568321034124457e-5
0.0001660882782627715,0.03979203999425285,3.524307873835667e-5,3.52450273001897e-5
0.00019797491696796392,0.03979267435875285,4.200881435127407e-5,4.201158219154534e-5
0.00023598334667821938,0.03979343051240061,5.0073290095857777e-5,5.0077221481609354e-5
0.00028128886609642633,0.03979433183701078,5.9685767579025726e-5,5.969135130128067e-5
0.00033529241492495567,0.039795406203376044,7.11433303401166e-5,7.115126028870064e-5
0.00039966389379830845,0.03979668683308486,8.480005130495558e-5,8.481131236447345e-5
0.00047639380104013405,0.039798213325793974,0.00010107791458592282,0.00010109390439183233
0.0005678547829591997,0.039800032883718625,0.00012047982611003704,0.00012050252755510933
0.0006768750009458535,0.03980220177120086,0.00014360511082947376,0.00014363733634115188
0.0008068255840302887,0.03980478705448297,0.00017116796932919139,0.00017121370654856776
0.0009617248711152964,0.03980786867547299,0.00020401945560793604,0.00020408435617655385
0.0011463626662674231,0.039811541923610555,0.00024317364317545648,0.0002432657132166202
0.0013664483492953259,0.03981592038223904,0.0002898387712876897,0.0002899693456934826
0.0016287874214985499,0.03982113944054334,0.0003454543105603533,0.00034563942583652887
0.0019414919457438817,0.03982736047956635,0.00041173506137141174,0.00041199738685098754
0.002314231388108565,0.03983477586160496,0.0004907236041384745,0.0004910951531678622
0.002758531617629184,0.03984361487703131,0.0005848526634221732,0.0005853785901612891
0.0032881313098424274,0.03985415083202809,0.0006970192347828619,0.0006977631353288678
0.003919406774847221,0.03986670949573126,0.0008306726630852687,0.0008317239496063981
0.0046718783464442725,0.039881679166846276,0.0009899192647850445,0.0009914033764807952
0.005568813990945267,0.03989952266910142,0.0011796465699978075,0.0011817390317576594
0.00663794880047562,0.039920791643233824,0.0014056708448052535,0.0014086164847821497
0.007912342618981319,0.03994614357201333,0.0016749122732264963,0.0016790512523300665
0.009431402320497327,0.03997636205562474,0.00199560308298739,0.002001405732794029
0.011242100350620869,0.04001238094904723,0.0023775350724526603,0.002385647788715255
0.013400427210994584,0.04005531308215331,0.0028323545739537617,0.002843658973563905
0.01597312280060254,0.040106484407733595,0.0033739150979232393,0.003389601933773004
0.01903974015050765,0.04016747456189265,0.004018701122721852,0.00404035834685136
0.022695105366946685,0.040240164972225656,0.0047863413657210085,0.004816050937521291
0.027052249849275335,0.04032679580465444,0.005700237467016539,0.005740665713692201
0.03224590545296395,0.0404300331854955,0.006788346147109695,0.006842793663084153
0.03843667067526155,0.04055304824545686,0.008084172611664686,0.008156514845284232
0.04581597669054491,0.040699609562782055,0.009628065422456332,0.009722452217177704
0.054612006795364064,0.04087419046163772,0.0114689570107292,0.011589027778200492
0.0650967523045817,0.04108209223550305,0.013666784631383742,0.013813959878003877
0.07759442308140535,0.04132958354121993,0.01629598057133588,0.01646604798635936
0.09249147277217336,0.04162405469599216,0.019450686437493335,0.01962730011405445
0.11024854874674253,0.041974183058619066,0.023252816395989945,0.023395468669002478
0.13141473626117564,0.04239010163736513,0.02786495148806597,0.027887073161445126
0.15664453730149092,0.04288355701654249,0.03351167784315756,0.03324100322650009
0.186718109129192,0.043468034131856,0.04051625474582477,0.039622813376910475
0.22256538834596834,0.04415881408725297,0.04415881408725296,0.047229842288570904
0.26529484644318957,0.044972917449955095,0.04497291744995509,0.056297314917651935
0.31622776601683794,0.04592887084267362,0.04592887084267361,0.06710561613931605
