t,x1,y1,z1,x2,y2,z2,x3,y3,z3
0.0,-3.0,0.0,0.0,3.0,0.0,0.0,0.0,0.0,4.0
0.05,-3.000175712385399,0.0,-0.0036330562014433953,3.000175712385399,0.0,-0.0036330562014433953,0.0,0.0,3.9960618755546857
0.1,-3.0003514354264085,0.0,-0.007266086435881891,3.0003514354264085,0.0,-0.007266086435881891,0.0,0.0,3.9921237620483967
0.15000000000000002,-3.000527169120821,0.0,-0.01089909069920822,3.000527169120821,0.0,-0.01089909069920822,0.0,0.0,3.9881856594919167
0.2,-3.000702913466428,0.0,-0.01453206898731427,3.000702913466428,0.0,-0.01453206898731427,0.0,0.0,3.9842475678960314
0.25,-3.000878668461019,0.0,-0.018165021296091106,3.000878668461019,0.0,-0.018165021296091106,0.0,0.0,3.9803094872715286
0.30000000000000004,-3.0010544341023833,0.0,-0.021797947621428948,3.0010544341023833,0.0,-0.021797947621428948,0.0,0.0,3.9763714176291987
0.35000000000000003,-3.0012302103883064,0.0,-0.025430847959217188,3.0012302103883064,0.0,-0.025430847959217188,0.0,0.0,3.9724333589798335
0.4,-3.0014059973165734,0.0,-0.029063722305344382,3.0014059973165734,0.0,-0.029063722305344382,0.0,0.0,3.968495311334228
0.45,-3.0015817948849675,0.0,-0.032696570655698254,3.0015817948849675,0.0,-0.032696570655698254,0.0,0.0,3.9645572747031785
0.5,-3.00175760309127,0.0,-0.0363293930061657,3.00175760309127,0.0,-0.0363293930061657,0.0,0.0,3.960619249097484
0.55,-3.0019334219332605,0.0,-0.03996218935263278,3.0019334219332605,0.0,-0.03996218935263278,0.0,0.0,3.9566812345279447
0.6000000000000001,-3.0021092514087178,0.0,-0.04359495969098472,3.0021092514087178,0.0,-0.04359495969098472,0.0,0.0,3.952743231005364
0.65,-3.0022850915154176,0.0,-0.04722770401710594,3.0022850915154176,0.0,-0.04722770401710594,0.0,0.0,3.948805238540547
0.7000000000000001,-3.002460942251135,0.0,-0.05086042232687999,3.002460942251135,0.0,-0.05086042232687999,0.0,0.0,3.944867257144301
0.75,-3.002636803613643,0.0,-0.05449311461618963,3.002636803613643,0.0,-0.05449311461618963,0.0,0.0,3.9409292868274353
0.8,-3.002812675600713,0.0,-0.05812578088091678,3.002812675600713,0.0,-0.05812578088091678,0.0,0.0,3.9369913276007615
0.8500000000000001,-3.0029885582101152,0.0,-0.061758421116942526,3.0029885582101152,0.0,-0.061758421116942526,0.0,0.0,3.9330533794750937
0.9,-3.003164451439617,0.0,-0.06539103532014715,3.003164451439617,0.0,-0.06539103532014715,0.0,0.0,3.9291154424612476
0.9500000000000001,-3.0033403552869857,0.0,-0.06902362348641007,3.0033403552869857,0.0,-0.06902362348641007,0.0,0.0,3.9251775165700407
1.0,-3.0035162697499853,0.0,-0.07265618561160993,3.0035162697499853,0.0,-0.07265618561160993,0.0,0.0,3.9212396018122937
1.05,-3.003692194826379,0.0,-0.0762887216916245,3.003692194826379,0.0,-0.0762887216916245,0.0,0.0,3.9173016981988287
1.1,-3.0038681305139283,0.0,-0.07992123172233077,3.0038681305139283,0.0,-0.07992123172233077,0.0,0.0,3.9133638057404703
1.1500000000000001,-3.004044076810393,0.0,-0.08355371569960489,3.004044076810393,0.0,-0.08355371569960489,0.0,0.0,3.9094259244480445
1.2000000000000002,-3.004220033713531,0.0,-0.08718617361932218,3.004220033713531,0.0,-0.08718617361932218,0.0,0.0,3.9054880543323804
1.25,-3.004396001221099,0.0,-0.09081860547735716,3.004396001221099,0.0,-0.09081860547735716,0.0,0.0,3.901550195404309
1.3,-3.0045719793308514,0.0,-0.09445101126958352,3.0045719793308514,0.0,-0.09445101126958352,0.0,0.0,3.897612347674663
1.35,-3.0047479680405416,0.0,-0.09808339099187413,3.0047479680405416,0.0,-0.09808339099187413,0.0,0.0,3.893674511154277
1.4000000000000001,-3.0049239673479207,0.0,-0.10171574464010104,3.0049239673479207,0.0,-0.10171574464010104,0.0,0.0,3.889736685853989
1.4500000000000002,-3.005099977250738,0.0,-0.1053480722101355,3.005099977250738,0.0,-0.1053480722101355,0.0,0.0,3.8857988717846372
1.5,-3.0052759977467423,0.0,-0.10898037369784791,3.0052759977467423,0.0,-0.10898037369784791,0.0,0.0,3.881861068957064
1.55,-3.0054520288336795,0.0,-0.11261264909910788,3.0054520288336795,0.0,-0.11261264909910788,0.0,0.0,3.8779232773821124
1.6,-3.0056280705092946,0.0,-0.1162448984097842,3.0056280705092946,0.0,-0.1162448984097842,0.0,0.0,3.8739854970706284
1.6500000000000001,-3.0058041227713304,0.0,-0.11987712162574486,3.0058041227713304,0.0,-0.11987712162574486,0.0,0.0,3.8700477280334598
1.7000000000000002,-3.005980185617528,0.0,-0.12350931874285702,3.005980185617528,0.0,-0.12350931874285702,0.0,0.0,3.8661099702814563
1.75,-3.0061562590456274,0.0,-0.12714148975698703,3.0061562590456274,0.0,-0.12714148975698703,0.0,0.0,3.86217222382547
1.8,-3.0063323430533666,0.0,-0.1307736346640004,3.0063323430533666,0.0,-0.1307736346640004,0.0,0.0,3.8582344886763544
1.85,-3.0065084376384816,0.0,-0.13440575345976188,3.0065084376384816,0.0,-0.13440575345976188,0.0,0.0,3.8542967648449666
1.9000000000000001,-3.0066845427987072,0.0,-0.1380378461401354,3.0066845427987072,0.0,-0.1380378461401354,0.0,0.0,3.850359052342165
1.9500000000000002,-3.0068606585317763,0.0,-0.14166991270098403,3.0068606585317763,0.0,-0.14166991270098403,0.0,0.0,3.8464213511788095
2.0,-3.00703678483542,0.0,-0.1453019531381701,3.00703678483542,0.0,-0.1453019531381701,0.0,0.0,3.8424836613657627
2.0500000000000003,-3.007212921707368,0.0,-0.1489339674475551,3.007212921707368,0.0,-0.1489339674475551,0.0,0.0,3.8385459829138893
2.1,-3.007389069145349,0.0,-0.15256595562499972,3.007389069145349,0.0,-0.15256595562499972,0.0,0.0,3.834608315834056
2.15,-3.007565227147088,0.0,-0.15619791766636382,3.007565227147088,0.0,-0.15619791766636382,0.0,0.0,3.830670660137132
2.2,-3.00774139571031,0.0,-0.15982985356750648,3.00774139571031,0.0,-0.15982985356750648,0.0,0.0,3.8267330158339883
2.25,-3.0079175748327383,0.0,-0.16346176332428597,3.0079175748327383,0.0,-0.16346176332428597,0.0,0.0,3.8227953829354977
2.3000000000000003,-3.0080937645120938,0.0,-0.16709364693255974,3.0080937645120938,0.0,-0.16709364693255974,0.0,0.0,3.8188577614525356
2.35,-3.0082699647460958,0.0,-0.17072550438818446,3.0082699647460958,0.0,-0.17072550438818446,0.0,0.0,3.814920151395979
2.4000000000000004,-3.0084461755324625,0.0,-0.17435733568701597,3.0084461755324625,0.0,-0.17435733568701597,0.0,0.0,3.8109825527767076
2.45,-3.00862239686891,0.0,-0.17798914082490935,3.00862239686891,0.0,-0.17798914082490935,0.0,0.0,3.8070449656056025
2.5,-3.008798628753153,0.0,-0.18162091979771885,3.008798628753153,0.0,-0.18162091979771885,0.0,0.0,3.803107389893547
2.5500000000000003,-3.0089748711829043,0.0,-0.18525267260129794,3.0089748711829043,0.0,-0.18525267260129794,0.0,0.0,3.7991698256514272
2.6,-3.0091511241558746,0.0,-0.18888439923149924,3.0091511241558746,0.0,-0.18888439923149924,0.0,0.0,3.795232272890131
2.6500000000000004,-3.009327387669774,0.0,-0.19251609968417463,3.009327387669774,0.0,-0.19251609968417463,0.0,0.0,3.791294731620548
2.7,-3.00950366172231,0.0,-0.19614777395517516,3.00950366172231,0.0,-0.19614777395517516,0.0,0.0,3.78735720185357
2.75,-3.0096799463111883,0.0,-0.1997794220403511,3.0096799463111883,0.0,-0.1997794220403511,0.0,0.0,3.783419683600091
2.8000000000000003,-3.009856241434114,0.0,-0.20341104393555193,3.009856241434114,0.0,-0.20341104393555193,0.0,0.0,3.7794821768710074
2.85,-3.0100325470887896,0.0,-0.2070426396366263,3.0100325470887896,0.0,-0.2070426396366263,0.0,0.0,3.775544681677217
2.9000000000000004,-3.0102088632729163,0.0,-0.2106742091394221,3.0102088632729163,0.0,-0.2106742091394221,0.0,0.0,3.77160719802962
2.95,-3.010385189984193,0.0,-0.2143057524397864,3.010385189984193,0.0,-0.2143057524397864,0.0,0.0,3.767669725939119
3.0,-3.010561527220318,0.0,-0.2179372695335655,3.010561527220318,0.0,-0.2179372695335655,0.0,0.0,3.7637322654166185
3.0500000000000003,-3.0107378749789873,0.0,-0.22156876041660487,3.0107378749789873,0.0,-0.22156876041660487,0.0,0.0,3.7597948164730246
3.1,-3.010914233257895,0.0,-0.22520022508474924,3.010914233257895,0.0,-0.22520022508474924,0.0,0.0,3.755857379119246
3.1500000000000004,-3.0110906020547334,0.0,-0.22883166353384252,3.0110906020547334,0.0,-0.22883166353384252,0.0,0.0,3.751919953366193
3.2,-3.011266981367194,0.0,-0.23246307575972783,3.011266981367194,0.0,-0.23246307575972783,0.0,0.0,3.747982539224779
3.25,-3.0114433711929665,0.0,-0.23609446175824753,3.0114433711929665,0.0,-0.23609446175824753,0.0,0.0,3.744045136705918
3.3000000000000003,-3.011619771529738,0.0,-0.23972582152524313,3.011619771529738,0.0,-0.23972582152524313,0.0,0.0,3.740107745820527
3.35,-3.0117961823751944,0.0,-0.24335715505655542,3.0117961823751944,0.0,-0.24335715505655542,0.0,0.0,3.7361703665795254
3.4000000000000004,-3.0119726037270205,0.0,-0.24698846234802435,3.0119726037270205,0.0,-0.24698846234802435,0.0,0.0,3.7322329989938337
3.45,-3.0121490355828984,0.0,-0.25061974339548915,3.0121490355828984,0.0,-0.25061974339548915,0.0,0.0,3.7282956430743748
3.5,-3.012325477940509,0.0,-0.2542509981947882,3.012325477940509,0.0,-0.2542509981947882,0.0,0.0,3.7243582988320743
3.5500000000000003,-3.012501930797532,0.0,-0.2578822267417591,3.012501930797532,0.0,-0.2578822267417591,0.0,0.0,3.720420966277859
3.6,-3.0126783941516444,0.0,-0.2615134290322387,3.0126783941516444,0.0,-0.2615134290322387,0.0,0.0,3.716483645422658
3.6500000000000004,-3.0128548680005225,0.0,-0.265144605062063,3.0128548680005225,0.0,-0.265144605062063,0.0,0.0,3.7125463362774034
3.7,-3.01303135234184,0.0,-0.26877575482706734,3.01303135234184,0.0,-0.26877575482706734,0.0,0.0,3.7086090388530275
3.75,-3.0132078471732697,0.0,-0.2724068783230862,3.0132078471732697,0.0,-0.2724068783230862,0.0,0.0,3.7046717531604663
3.8000000000000003,-3.0133843524924826,0.0,-0.2760379755459532,3.0133843524924826,0.0,-0.2760379755459532,0.0,0.0,3.7007344792106567
3.85,-3.0135608682971475,0.0,-0.27966904649150137,3.0135608682971475,0.0,-0.27966904649150137,0.0,0.0,3.6967972170145385
3.9000000000000004,-3.013737394584932,0.0,-0.2833000911555628,3.013737394584932,0.0,-0.2833000911555628,0.0,0.0,3.692859966583053
3.95,-3.013913931353502,0.0,-0.28693110953396894,3.013913931353502,0.0,-0.28693110953396894,0.0,0.0,3.688922727927144
4.0,-3.0140904786005214,0.0,-0.2905621016225503,3.0140904786005214,0.0,-0.2905621016225503,0.0,0.0,3.6849855010577577
4.05,-3.014267036323653,0.0,-0.29419306741713674,3.014267036323653,0.0,-0.29419306741713674,0.0,0.0,3.681048285985841
4.1000000000000005,-3.0144436045205567,0.0,-0.29782400691355726,3.0144436045205567,0.0,-0.29782400691355726,0.0,0.0,3.6771110827223437
4.15,-3.0146201831888924,0.0,-0.3014549201076402,3.0146201831888924,0.0,-0.3014549201076402,0.0,0.0,3.6731738912782177
4.2,-3.0147967723263167,0.0,-0.305085806995213,3.0147967723263167,0.0,-0.305085806995213,0.0,0.0,3.669236711664417
4.25,-3.014973371930486,0.0,-0.3087166675721023,3.014973371930486,0.0,-0.3087166675721023,0.0,0.0,3.6652995438918974
4.3,-3.0151499819990537,0.0,-0.3123475018341342,3.0151499819990537,0.0,-0.3123475018341342,0.0,0.0,3.6613623879716166
4.3500000000000005,-3.0153266025296723,0.0,-0.31597830977713376,3.0153266025296723,0.0,-0.31597830977713376,0.0,0.0,3.6574252439145347
4.4,-3.0155032335199925,0.0,-0.31960909139692545,3.0155032335199925,0.0,-0.31960909139692545,0.0,0.0,3.6534881117316136
4.45,-3.015679874967663,0.0,-0.32323984668933287,3.015679874967663,0.0,-0.32323984668933287,0.0,0.0,3.6495509914338173
4.5,-3.0158565268703317,0.0,-0.3268705756501789,3.0158565268703317,0.0,-0.3268705756501789,0.0,0.0,3.645613883032112
4.55,-3.0160331892256433,0.0,-0.33050127827528564,3.0160331892256433,0.0,-0.33050127827528564,0.0,0.0,3.641676786537465
4.6000000000000005,-3.016209862031242,0.0,-0.3341319545604744,3.016209862031242,0.0,-0.3341319545604744,0.0,0.0,3.637739701960847
4.65,-3.01638654528477,0.0,-0.33776260450156576,3.01638654528477,0.0,-0.33776260450156576,0.0,0.0,3.63380262931323
4.7,-3.016563238983868,0.0,-0.3413932280943795,3.016563238983868,0.0,-0.3413932280943795,0.0,0.0,3.6298655686055885
4.75,-3.0167399431261743,0.0,-0.3450238253347347,3.0167399431261743,0.0,-0.3450238253347347,0.0,0.0,3.625928519848898
4.800000000000001,-3.0169166577093267,0.0,-0.34865439621844957,3.0169166577093267,0.0,-0.34865439621844957,0.0,0.0,3.6219914830541375
4.8500000000000005,-3.0170933827309603,0.0,-0.35228494074134165,3.0170933827309603,0.0,-0.35228494074134165,0.0,0.0,3.6180544582322867
4.9,-3.0172701181887085,0.0,-0.3559154588992276,3.0172701181887085,0.0,-0.3559154588992276,0.0,0.0,3.614117445394328
4.95,-3.017446864080204,0.0,-0.3595459506879235,3.017446864080204,0.0,-0.3595459506879235,0.0,0.0,3.6101804445512453
5.0,-3.017623620403077,0.0,-0.3631764161032445,3.017623620403077,0.0,-0.3631764161032445,0.0,0.0,3.6062434557140253
